目录,文件,GENERAL,ZERO_DISORDER,ZERO_NUM,ZERO_RESULT,当前顺序赢钱,当前顺序赢分,当前顺序中奖项,列内打乱后可能赢钱_全列6格,全列6格可能中奖项,仅有效格打乱后可能赢钱,仅有效格可能中奖项
reel_config,mjwl_rand_ex_0.conf,1,0,1,1,否,0,,否,,否,
reel_config,mjwl_rand_ex_12.conf,1,0,1,1,否,0,,否,,否,
reel_config,mjwl_rand_ex_13.conf,1,0,1,1,否,0,,否,,否,
reel_config,mjwl_rand_ex_14.conf,1,0,1,1,否,0,,否,,否,
reel_config,mjwl_rand_ex_17.conf,1,0,200,1,否,0,,否,,否,
reel_config,mjwl_rand_ex_17.conf,1,0,200,2,否,0,,否,,否,
reel_config,mjwl_rand_ex_17.conf,1,0,200,3,否,0,,否,,否,
reel_config,mjwl_rand_ex_17.conf,1,0,200,4,否,0,,否,,否,
reel_config,mjwl_rand_ex_17.conf,1,0,200,5,否,0,,否,,否,
reel_config,mjwl_rand_ex_17.conf,1,0,200,6,否,0,,否,,否,
reel_config,mjwl_rand_ex_17.conf,1,0,200,7,否,0,,否,,否,
reel_config,mjwl_rand_ex_17.conf,1,0,200,8,否,0,,否,,否,
reel_config,mjwl_rand_ex_17.conf,1,0,200,9,否,0,,否,,否,
reel_config,mjwl_rand_ex_17.conf,1,0,200,10,否,0,,否,,否,
reel_config,mjwl_rand_ex_17.conf,1,0,200,11,否,0,,否,,否,
reel_config,mjwl_rand_ex_17.conf,1,0,200,12,否,0,,否,,否,
reel_config,mjwl_rand_ex_17.conf,1,0,200,13,否,0,,否,,否,
reel_config,mjwl_rand_ex_17.conf,1,0,200,14,否,0,,否,,否,
reel_config,mjwl_rand_ex_17.conf,1,0,200,15,否,0,,否,,否,
reel_config,mjwl_rand_ex_17.conf,1,0,200,16,否,0,,否,,否,
reel_config,mjwl_rand_ex_17.conf,1,0,200,17,否,0,,否,,否,
reel_config,mjwl_rand_ex_17.conf,1,0,200,18,否,0,,否,,否,
reel_config,mjwl_rand_ex_17.conf,1,0,200,19,否,0,,否,,否,
reel_config,mjwl_rand_ex_17.conf,1,0,200,20,否,0,,否,,否,
reel_config,mjwl_rand_ex_17.conf,1,0,200,21,否,0,,否,,否,
reel_config,mjwl_rand_ex_17.conf,1,0,200,22,否,0,,否,,否,
reel_config,mjwl_rand_ex_17.conf,1,0,200,23,否,0,,否,,否,
reel_config,mjwl_rand_ex_17.conf,1,0,200,24,否,0,,否,,否,
reel_config,mjwl_rand_ex_17.conf,1,0,200,25,否,0,,否,,否,
reel_config,mjwl_rand_ex_17.conf,1,0,200,26,否,0,,否,,否,
reel_config,mjwl_rand_ex_17.conf,1,0,200,27,否,0,,否,,否,
reel_config,mjwl_rand_ex_17.conf,1,0,200,28,否,0,,否,,否,
reel_config,mjwl_rand_ex_17.conf,1,0,200,29,否,0,,否,,否,
reel_config,mjwl_rand_ex_17.conf,1,0,200,30,否,0,,否,,否,
reel_config,mjwl_rand_ex_17.conf,1,0,200,31,否,0,,否,,否,
reel_config,mjwl_rand_ex_17.conf,1,0,200,32,否,0,,否,,否,
reel_config,mjwl_rand_ex_17.conf,1,0,200,33,否,0,,否,,否,
reel_config,mjwl_rand_ex_17.conf,1,0,200,34,否,0,,否,,否,
reel_config,mjwl_rand_ex_17.conf,1,0,200,35,否,0,,否,,否,
reel_config,mjwl_rand_ex_17.conf,1,0,200,36,否,0,,否,,否,
reel_config,mjwl_rand_ex_17.conf,1,0,200,37,否,0,,否,,否,
reel_config,mjwl_rand_ex_17.conf,1,0,200,38,否,0,,否,,否,
reel_config,mjwl_rand_ex_17.conf,1,0,200,39,否,0,,否,,否,
reel_config,mjwl_rand_ex_17.conf,1,0,200,40,否,0,,否,,否,
reel_config,mjwl_rand_ex_17.conf,1,0,200,41,否,0,,否,,否,
reel_config,mjwl_rand_ex_17.conf,1,0,200,42,否,0,,否,,否,
reel_config,mjwl_rand_ex_17.conf,1,0,200,43,否,0,,否,,否,
reel_config,mjwl_rand_ex_17.conf,1,0,200,44,否,0,,否,,否,
reel_config,mjwl_rand_ex_17.conf,1,0,200,45,否,0,,否,,否,
reel_config,mjwl_rand_ex_17.conf,1,0,200,46,否,0,,否,,否,
reel_config,mjwl_rand_ex_17.conf,1,0,200,47,否,0,,否,,否,
reel_config,mjwl_rand_ex_17.conf,1,0,200,48,否,0,,否,,否,
reel_config,mjwl_rand_ex_17.conf,1,0,200,49,否,0,,否,,否,
reel_config,mjwl_rand_ex_17.conf,1,0,200,50,否,0,,否,,否,
reel_config,mjwl_rand_ex_17.conf,1,0,200,51,否,0,,否,,否,
reel_config,mjwl_rand_ex_17.conf,1,0,200,52,否,0,,否,,否,
reel_config,mjwl_rand_ex_17.conf,1,0,200,53,否,0,,否,,否,
reel_config,mjwl_rand_ex_17.conf,1,0,200,54,否,0,,否,,否,
reel_config,mjwl_rand_ex_17.conf,1,0,200,55,否,0,,否,,否,
reel_config,mjwl_rand_ex_17.conf,1,0,200,56,否,0,,否,,否,
reel_config,mjwl_rand_ex_17.conf,1,0,200,57,否,0,,否,,否,
reel_config,mjwl_rand_ex_17.conf,1,0,200,58,否,0,,否,,否,
reel_config,mjwl_rand_ex_17.conf,1,0,200,59,否,0,,否,,否,
reel_config,mjwl_rand_ex_17.conf,1,0,200,60,否,0,,否,,否,
reel_config,mjwl_rand_ex_17.conf,1,0,200,61,否,0,,否,,否,
reel_config,mjwl_rand_ex_17.conf,1,0,200,62,否,0,,否,,否,
reel_config,mjwl_rand_ex_17.conf,1,0,200,63,否,0,,否,,否,
reel_config,mjwl_rand_ex_17.conf,1,0,200,64,否,0,,否,,否,
reel_config,mjwl_rand_ex_17.conf,1,0,200,65,否,0,,否,,否,
reel_config,mjwl_rand_ex_17.conf,1,0,200,66,否,0,,否,,否,
reel_config,mjwl_rand_ex_17.conf,1,0,200,67,否,0,,否,,否,
reel_config,mjwl_rand_ex_17.conf,1,0,200,68,否,0,,否,,否,
reel_config,mjwl_rand_ex_17.conf,1,0,200,69,否,0,,否,,否,
reel_config,mjwl_rand_ex_17.conf,1,0,200,70,否,0,,否,,否,
reel_config,mjwl_rand_ex_17.conf,1,0,200,71,否,0,,否,,否,
reel_config,mjwl_rand_ex_17.conf,1,0,200,72,否,0,,否,,否,
reel_config,mjwl_rand_ex_17.conf,1,0,200,73,否,0,,否,,否,
reel_config,mjwl_rand_ex_17.conf,1,0,200,74,否,0,,否,,否,
reel_config,mjwl_rand_ex_17.conf,1,0,200,75,否,0,,否,,否,
reel_config,mjwl_rand_ex_17.conf,1,0,200,76,否,0,,否,,否,
reel_config,mjwl_rand_ex_17.conf,1,0,200,77,否,0,,否,,否,
reel_config,mjwl_rand_ex_17.conf,1,0,200,78,否,0,,否,,否,
reel_config,mjwl_rand_ex_17.conf,1,0,200,79,否,0,,否,,否,
reel_config,mjwl_rand_ex_17.conf,1,0,200,80,否,0,,否,,否,
reel_config,mjwl_rand_ex_17.conf,1,0,200,81,否,0,,否,,否,
reel_config,mjwl_rand_ex_17.conf,1,0,200,82,否,0,,否,,否,
reel_config,mjwl_rand_ex_17.conf,1,0,200,83,否,0,,否,,否,
reel_config,mjwl_rand_ex_17.conf,1,0,200,84,否,0,,否,,否,
reel_config,mjwl_rand_ex_17.conf,1,0,200,85,否,0,,否,,否,
reel_config,mjwl_rand_ex_17.conf,1,0,200,86,否,0,,否,,否,
reel_config,mjwl_rand_ex_17.conf,1,0,200,87,否,0,,否,,否,
reel_config,mjwl_rand_ex_17.conf,1,0,200,88,否,0,,否,,否,
reel_config,mjwl_rand_ex_17.conf,1,0,200,89,否,0,,否,,否,
reel_config,mjwl_rand_ex_17.conf,1,0,200,90,否,0,,否,,否,
reel_config,mjwl_rand_ex_17.conf,1,0,200,91,否,0,,否,,否,
reel_config,mjwl_rand_ex_17.conf,1,0,200,92,否,0,,否,,否,
reel_config,mjwl_rand_ex_17.conf,1,0,200,93,否,0,,否,,否,
reel_config,mjwl_rand_ex_17.conf,1,0,200,94,否,0,,否,,否,
reel_config,mjwl_rand_ex_17.conf,1,0,200,95,否,0,,否,,否,
reel_config,mjwl_rand_ex_17.conf,1,0,200,96,否,0,,否,,否,
reel_config,mjwl_rand_ex_17.conf,1,0,200,97,否,0,,否,,否,
reel_config,mjwl_rand_ex_17.conf,1,0,200,98,否,0,,否,,否,
reel_config,mjwl_rand_ex_17.conf,1,0,200,99,否,0,,否,,否,
reel_config,mjwl_rand_ex_17.conf,1,0,200,100,否,0,,否,,否,
reel_config,mjwl_rand_ex_17.conf,1,0,200,101,否,0,,否,,否,
reel_config,mjwl_rand_ex_17.conf,1,0,200,102,否,0,,否,,否,
reel_config,mjwl_rand_ex_17.conf,1,0,200,103,否,0,,否,,否,
reel_config,mjwl_rand_ex_17.conf,1,0,200,104,否,0,,否,,否,
reel_config,mjwl_rand_ex_17.conf,1,0,200,105,否,0,,否,,否,
reel_config,mjwl_rand_ex_17.conf,1,0,200,106,否,0,,否,,否,
reel_config,mjwl_rand_ex_17.conf,1,0,200,107,否,0,,否,,否,
reel_config,mjwl_rand_ex_17.conf,1,0,200,108,否,0,,否,,否,
reel_config,mjwl_rand_ex_17.conf,1,0,200,109,否,0,,否,,否,
reel_config,mjwl_rand_ex_17.conf,1,0,200,110,否,0,,否,,否,
reel_config,mjwl_rand_ex_17.conf,1,0,200,111,否,0,,否,,否,
reel_config,mjwl_rand_ex_17.conf,1,0,200,112,否,0,,否,,否,
reel_config,mjwl_rand_ex_17.conf,1,0,200,113,否,0,,否,,否,
reel_config,mjwl_rand_ex_17.conf,1,0,200,114,否,0,,否,,否,
reel_config,mjwl_rand_ex_17.conf,1,0,200,115,否,0,,否,,否,
reel_config,mjwl_rand_ex_17.conf,1,0,200,116,否,0,,否,,否,
reel_config,mjwl_rand_ex_17.conf,1,0,200,117,否,0,,否,,否,
reel_config,mjwl_rand_ex_17.conf,1,0,200,118,否,0,,否,,否,
reel_config,mjwl_rand_ex_17.conf,1,0,200,119,否,0,,否,,否,
reel_config,mjwl_rand_ex_17.conf,1,0,200,120,否,0,,否,,否,
reel_config,mjwl_rand_ex_17.conf,1,0,200,121,否,0,,否,,否,
reel_config,mjwl_rand_ex_17.conf,1,0,200,122,否,0,,否,,否,
reel_config,mjwl_rand_ex_17.conf,1,0,200,123,否,0,,否,,否,
reel_config,mjwl_rand_ex_17.conf,1,0,200,124,否,0,,否,,否,
reel_config,mjwl_rand_ex_17.conf,1,0,200,125,否,0,,否,,否,
reel_config,mjwl_rand_ex_17.conf,1,0,200,126,否,0,,否,,否,
reel_config,mjwl_rand_ex_17.conf,1,0,200,127,否,0,,否,,否,
reel_config,mjwl_rand_ex_17.conf,1,0,200,128,否,0,,否,,否,
reel_config,mjwl_rand_ex_17.conf,1,0,200,129,否,0,,否,,否,
reel_config,mjwl_rand_ex_17.conf,1,0,200,130,否,0,,否,,否,
reel_config,mjwl_rand_ex_17.conf,1,0,200,131,否,0,,否,,否,
reel_config,mjwl_rand_ex_17.conf,1,0,200,132,否,0,,否,,否,
reel_config,mjwl_rand_ex_17.conf,1,0,200,133,否,0,,否,,否,
reel_config,mjwl_rand_ex_17.conf,1,0,200,134,否,0,,否,,否,
reel_config,mjwl_rand_ex_17.conf,1,0,200,135,否,0,,否,,否,
reel_config,mjwl_rand_ex_17.conf,1,0,200,136,否,0,,否,,否,
reel_config,mjwl_rand_ex_17.conf,1,0,200,137,否,0,,否,,否,
reel_config,mjwl_rand_ex_17.conf,1,0,200,138,否,0,,否,,否,
reel_config,mjwl_rand_ex_17.conf,1,0,200,139,否,0,,否,,否,
reel_config,mjwl_rand_ex_17.conf,1,0,200,140,否,0,,否,,否,
reel_config,mjwl_rand_ex_17.conf,1,0,200,141,否,0,,否,,否,
reel_config,mjwl_rand_ex_17.conf,1,0,200,142,否,0,,否,,否,
reel_config,mjwl_rand_ex_17.conf,1,0,200,143,否,0,,否,,否,
reel_config,mjwl_rand_ex_17.conf,1,0,200,144,否,0,,否,,否,
reel_config,mjwl_rand_ex_17.conf,1,0,200,145,否,0,,否,,否,
reel_config,mjwl_rand_ex_17.conf,1,0,200,146,否,0,,否,,否,
reel_config,mjwl_rand_ex_17.conf,1,0,200,147,否,0,,否,,否,
reel_config,mjwl_rand_ex_17.conf,1,0,200,148,否,0,,否,,否,
reel_config,mjwl_rand_ex_17.conf,1,0,200,149,否,0,,否,,否,
reel_config,mjwl_rand_ex_17.conf,1,0,200,150,否,0,,否,,否,
reel_config,mjwl_rand_ex_17.conf,1,0,200,151,否,0,,否,,否,
reel_config,mjwl_rand_ex_17.conf,1,0,200,152,否,0,,否,,否,
reel_config,mjwl_rand_ex_17.conf,1,0,200,153,否,0,,否,,否,
reel_config,mjwl_rand_ex_17.conf,1,0,200,154,否,0,,否,,否,
reel_config,mjwl_rand_ex_17.conf,1,0,200,155,否,0,,否,,否,
reel_config,mjwl_rand_ex_17.conf,1,0,200,156,否,0,,否,,否,
reel_config,mjwl_rand_ex_17.conf,1,0,200,157,否,0,,否,,否,
reel_config,mjwl_rand_ex_17.conf,1,0,200,158,否,0,,否,,否,
reel_config,mjwl_rand_ex_17.conf,1,0,200,159,否,0,,否,,否,
reel_config,mjwl_rand_ex_17.conf,1,0,200,160,否,0,,否,,否,
reel_config,mjwl_rand_ex_17.conf,1,0,200,161,否,0,,否,,否,
reel_config,mjwl_rand_ex_17.conf,1,0,200,162,否,0,,否,,否,
reel_config,mjwl_rand_ex_17.conf,1,0,200,163,否,0,,否,,否,
reel_config,mjwl_rand_ex_17.conf,1,0,200,164,否,0,,否,,否,
reel_config,mjwl_rand_ex_17.conf,1,0,200,165,否,0,,否,,否,
reel_config,mjwl_rand_ex_17.conf,1,0,200,166,否,0,,否,,否,
reel_config,mjwl_rand_ex_17.conf,1,0,200,167,否,0,,否,,否,
reel_config,mjwl_rand_ex_17.conf,1,0,200,168,否,0,,否,,否,
reel_config,mjwl_rand_ex_17.conf,1,0,200,169,否,0,,否,,否,
reel_config,mjwl_rand_ex_17.conf,1,0,200,170,否,0,,否,,否,
reel_config,mjwl_rand_ex_17.conf,1,0,200,171,否,0,,否,,否,
reel_config,mjwl_rand_ex_17.conf,1,0,200,172,否,0,,否,,否,
reel_config,mjwl_rand_ex_17.conf,1,0,200,173,否,0,,否,,否,
reel_config,mjwl_rand_ex_17.conf,1,0,200,174,否,0,,否,,否,
reel_config,mjwl_rand_ex_17.conf,1,0,200,175,否,0,,否,,否,
reel_config,mjwl_rand_ex_17.conf,1,0,200,176,否,0,,否,,否,
reel_config,mjwl_rand_ex_17.conf,1,0,200,177,否,0,,否,,否,
reel_config,mjwl_rand_ex_17.conf,1,0,200,178,否,0,,否,,否,
reel_config,mjwl_rand_ex_17.conf,1,0,200,179,否,0,,否,,否,
reel_config,mjwl_rand_ex_17.conf,1,0,200,180,否,0,,否,,否,
reel_config,mjwl_rand_ex_17.conf,1,0,200,181,否,0,,否,,否,
reel_config,mjwl_rand_ex_17.conf,1,0,200,182,否,0,,否,,否,
reel_config,mjwl_rand_ex_17.conf,1,0,200,183,否,0,,否,,否,
reel_config,mjwl_rand_ex_17.conf,1,0,200,184,否,0,,否,,否,
reel_config,mjwl_rand_ex_17.conf,1,0,200,185,否,0,,否,,否,
reel_config,mjwl_rand_ex_17.conf,1,0,200,186,否,0,,否,,否,
reel_config,mjwl_rand_ex_17.conf,1,0,200,187,否,0,,否,,否,
reel_config,mjwl_rand_ex_17.conf,1,0,200,188,否,0,,否,,否,
reel_config,mjwl_rand_ex_17.conf,1,0,200,189,否,0,,否,,否,
reel_config,mjwl_rand_ex_17.conf,1,0,200,190,否,0,,否,,否,
reel_config,mjwl_rand_ex_17.conf,1,0,200,191,否,0,,否,,否,
reel_config,mjwl_rand_ex_17.conf,1,0,200,192,否,0,,否,,否,
reel_config,mjwl_rand_ex_17.conf,1,0,200,193,否,0,,否,,否,
reel_config,mjwl_rand_ex_17.conf,1,0,200,194,否,0,,否,,否,
reel_config,mjwl_rand_ex_17.conf,1,0,200,195,否,0,,否,,否,
reel_config,mjwl_rand_ex_17.conf,1,0,200,196,否,0,,否,,否,
reel_config,mjwl_rand_ex_17.conf,1,0,200,197,否,0,,否,,否,
reel_config,mjwl_rand_ex_17.conf,1,0,200,198,否,0,,否,,否,
reel_config,mjwl_rand_ex_17.conf,1,0,200,199,否,0,,否,,否,
reel_config,mjwl_rand_ex_17.conf,1,0,200,200,否,0,,否,,否,
reel_config,mjwl_rand_ex_4.conf,1,0,1,1,否,0,,否,,否,
reel_config,mjwl_rand_ex_8.conf,1,0,200,1,是,6000,4:3:ways2:win6000,是,4:3:left,是,4:3:left
reel_config,mjwl_rand_ex_8.conf,1,0,200,2,是,500,9:3:ways1:win500,是,9:3:left,是,9:3:left
reel_config,mjwl_rand_ex_8.conf,1,0,200,3,是,6000,4:3:ways2:win6000,是,4:3:left,是,4:3:left
reel_config,mjwl_rand_ex_8.conf,1,0,200,4,是,7500,5:5:ways1:win7500,是,5:5:left,是,5:5:left
reel_config,mjwl_rand_ex_8.conf,1,0,200,5,是,1500,10:3:ways3:win1500,是,10:3:left,是,10:3:left
reel_config,mjwl_rand_ex_8.conf,1,0,200,6,是,500,10:3:ways1:win500,是,10:3:left,是,10:3:left
reel_config,mjwl_rand_ex_8.conf,1,0,200,7,是,1500,7:3:ways1:win1500,是,7:3:left,是,7:3:left
reel_config,mjwl_rand_ex_8.conf,1,0,200,8,是,5000,5:4:ways1:win5000,是,5:4:left,是,5:4:left
reel_config,mjwl_rand_ex_8.conf,1,0,200,9,是,1000,10:3:ways2:win1000,是,10:3:left,是,10:3:left
reel_config,mjwl_rand_ex_8.conf,1,0,200,10,是,4000,3:3:ways1:win4000,是,3:3:left,是,3:3:left
reel_config,mjwl_rand_ex_8.conf,1,0,200,11,是,5000,2:3:ways1:win5000,是,2:3:left,是,2:3:left
reel_config,mjwl_rand_ex_8.conf,1,0,200,12,是,5000,2:3:ways1:win5000,是,2:3:left,是,2:3:left
reel_config,mjwl_rand_ex_8.conf,1,0,200,13,是,1500,7:3:ways1:win1500,是,7:3:left,是,7:3:left
reel_config,mjwl_rand_ex_8.conf,1,0,200,14,是,3000,6:3:ways2:win3000,是,6:3:left,是,6:3:left
reel_config,mjwl_rand_ex_8.conf,1,0,200,15,是,1500,6:3:ways1:win1500,是,6:3:left,是,6:3:left
reel_config,mjwl_rand_ex_8.conf,1,0,200,16,是,1500,6:3:ways1:win1500,是,6:3:left,是,6:3:left
reel_config,mjwl_rand_ex_8.conf,1,0,200,17,是,1000,8:3:ways1:win1000,是,8:3:left,是,8:3:left
reel_config,mjwl_rand_ex_8.conf,1,0,200,18,是,5000,2:3:ways1:win5000,是,2:3:left,是,2:3:left
reel_config,mjwl_rand_ex_8.conf,1,0,200,19,是,6000,10:5:ways2:win6000,是,10:5:left,是,10:5:left
reel_config,mjwl_rand_ex_8.conf,1,0,200,20,是,1500,7:3:ways1:win1500,是,7:3:left,是,7:3:left
reel_config,mjwl_rand_ex_8.conf,1,0,200,21,是,5000,7:4:ways2:win5000,是,7:4:left,是,7:4:left
reel_config,mjwl_rand_ex_8.conf,1,0,200,22,是,1500,7:3:ways1:win1500,是,7:3:left,是,7:3:left
reel_config,mjwl_rand_ex_8.conf,1,0,200,23,是,5000,5:4:ways1:win5000,是,5:4:left,是,5:4:left
reel_config,mjwl_rand_ex_8.conf,1,0,200,24,是,1500,7:3:ways1:win1500,是,7:3:left,是,7:3:left
reel_config,mjwl_rand_ex_8.conf,1,0,200,25,是,5000,2:3:ways1:win5000,是,2:3:left,是,2:3:left
reel_config,mjwl_rand_ex_8.conf,1,0,200,26,是,1500,6:3:ways1:win1500,是,6:3:left,是,6:3:left
reel_config,mjwl_rand_ex_8.conf,1,0,200,27,是,3000,6:3:ways2:win3000,是,6:3:left,是,6:3:left
reel_config,mjwl_rand_ex_8.conf,1,0,200,28,是,6000,6:5:ways1:win6000,是,6:5:left,是,6:5:left
reel_config,mjwl_rand_ex_8.conf,1,0,200,29,是,6000,4:3:ways2:win6000,是,4:3:left,是,4:3:left
reel_config,mjwl_rand_ex_8.conf,1,0,200,30,是,6000,4:3:ways2:win6000,是,4:3:left,是,4:3:left
reel_config,mjwl_rand_ex_8.conf,1,0,200,31,是,3000,6:3:ways2:win3000,是,6:3:left,是,6:3:left
reel_config,mjwl_rand_ex_8.conf,1,0,200,32,是,8000,3:3:ways2:win8000,是,3:3:left,是,3:3:left
reel_config,mjwl_rand_ex_8.conf,1,0,200,33,是,2500,5:3:ways1:win2500,是,5:3:left,是,5:3:left
reel_config,mjwl_rand_ex_8.conf,1,0,200,34,是,1000,10:3:ways2:win1000,是,10:3:left,是,10:3:left
reel_config,mjwl_rand_ex_8.conf,1,0,200,35,是,5000,2:3:ways1:win5000,是,2:3:left,是,2:3:left
reel_config,mjwl_rand_ex_8.conf,1,0,200,36,是,1500,6:3:ways1:win1500,是,6:3:left,是,6:3:left
reel_config,mjwl_rand_ex_8.conf,1,0,200,37,是,1000,9:3:ways2:win1000,是,9:3:left,是,9:3:left
reel_config,mjwl_rand_ex_8.conf,1,0,200,38,是,4000,3:3:ways1:win4000,是,3:3:left,是,3:3:left
reel_config,mjwl_rand_ex_8.conf,1,0,200,39,是,3000,6:3:ways2:win3000,是,6:3:left,是,6:3:left
reel_config,mjwl_rand_ex_8.conf,1,0,200,40,是,1000,10:3:ways2:win1000,是,10:3:left,是,10:3:left
reel_config,mjwl_rand_ex_8.conf,1,0,200,41,是,4000,3:3:ways1:win4000,是,3:3:left,是,3:3:left
reel_config,mjwl_rand_ex_8.conf,1,0,200,42,是,1500,7:3:ways1:win1500,是,7:3:left,是,7:3:left
reel_config,mjwl_rand_ex_8.conf,1,0,200,43,是,1500,7:3:ways1:win1500,是,7:3:left,是,7:3:left
reel_config,mjwl_rand_ex_8.conf,1,0,200,44,是,5000,5:4:ways1:win5000,是,5:4:left,是,5:4:left
reel_config,mjwl_rand_ex_8.conf,1,0,200,45,是,6000,10:5:ways2:win6000,是,10:5:left,是,10:5:left
reel_config,mjwl_rand_ex_8.conf,1,0,200,46,是,1500,10:4:ways1:win1500,是,10:4:left,是,10:4:left
reel_config,mjwl_rand_ex_8.conf,1,0,200,47,是,3000,7:3:ways2:win3000,是,7:3:left,是,7:3:left
reel_config,mjwl_rand_ex_8.conf,1,0,200,48,是,2500,6:4:ways1:win2500,是,6:4:left,是,6:4:left
reel_config,mjwl_rand_ex_8.conf,1,0,200,49,是,2000,8:3:ways2:win2000,是,8:3:left,是,8:3:left
reel_config,mjwl_rand_ex_8.conf,1,0,200,50,是,3000,9:4:ways2:win3000,是,9:4:left,是,9:4:left
reel_config,mjwl_rand_ex_8.conf,1,0,200,51,是,500,9:3:ways1:win500,是,9:3:left,是,9:3:left
reel_config,mjwl_rand_ex_8.conf,1,0,200,52,是,3000,4:3:ways1:win3000,是,4:3:left,是,4:3:left
reel_config,mjwl_rand_ex_8.conf,1,0,200,53,是,4000,3:3:ways1:win4000,是,3:3:left,是,3:3:left
reel_config,mjwl_rand_ex_8.conf,1,0,200,54,是,500,10:3:ways1:win500,是,10:3:left,是,10:3:left
reel_config,mjwl_rand_ex_8.conf,1,0,200,55,是,3000,6:3:ways2:win3000,是,6:3:left,是,6:3:left
reel_config,mjwl_rand_ex_8.conf,1,0,200,56,是,1500,9:4:ways1:win1500,是,9:4:left,是,9:4:left
reel_config,mjwl_rand_ex_8.conf,1,0,200,57,是,1500,10:4:ways1:win1500,是,10:4:left,是,10:4:left
reel_config,mjwl_rand_ex_8.conf,1,0,200,58,是,2500,6:4:ways1:win2500,是,6:4:left,是,6:4:left
reel_config,mjwl_rand_ex_8.conf,1,0,200,59,是,5000,2:3:ways1:win5000,是,2:3:left,是,2:3:left
reel_config,mjwl_rand_ex_8.conf,1,0,200,60,是,2000,8:4:ways1:win2000,是,8:4:left,是,8:4:left
reel_config,mjwl_rand_ex_8.conf,1,0,200,61,是,2500,5:3:ways1:win2500,是,5:3:left,是,5:3:left
reel_config,mjwl_rand_ex_8.conf,1,0,200,62,是,1500,9:4:ways1:win1500,是,9:4:left,是,9:4:left
reel_config,mjwl_rand_ex_8.conf,1,0,200,63,是,1500,7:3:ways1:win1500,是,7:3:left,是,7:3:left
reel_config,mjwl_rand_ex_8.conf,1,0,200,64,是,4000,3:3:ways1:win4000,是,3:3:left,是,3:3:left
reel_config,mjwl_rand_ex_8.conf,1,0,200,65,是,1000,9:3:ways2:win1000,是,9:3:left,是,9:3:left
reel_config,mjwl_rand_ex_8.conf,1,0,200,66,是,1500,6:3:ways1:win1500,是,6:3:left,是,6:3:left
reel_config,mjwl_rand_ex_8.conf,1,0,200,67,是,500,9:3:ways1:win500,是,9:3:left,是,9:3:left
reel_config,mjwl_rand_ex_8.conf,1,0,200,68,是,1000,10:3:ways2:win1000,是,10:3:left,是,10:3:left
reel_config,mjwl_rand_ex_8.conf,1,0,200,69,是,5000,5:3:ways2:win5000,是,5:3:left,是,5:3:left
reel_config,mjwl_rand_ex_8.conf,1,0,200,70,是,1000,9:3:ways2:win1000,是,9:3:left,是,9:3:left
reel_config,mjwl_rand_ex_8.conf,1,0,200,71,是,8000,3:3:ways2:win8000,是,3:3:left,是,3:3:left
reel_config,mjwl_rand_ex_8.conf,1,0,200,72,是,2000,8:3:ways2:win2000,是,8:3:left,是,8:3:left
reel_config,mjwl_rand_ex_8.conf,1,0,200,73,是,5000,2:3:ways1:win5000,是,2:3:left,是,2:3:left
reel_config,mjwl_rand_ex_8.conf,1,0,200,74,是,2000,8:3:ways2:win2000,是,8:3:left,是,8:3:left
reel_config,mjwl_rand_ex_8.conf,1,0,200,75,是,2500,6:4:ways1:win2500,是,6:4:left,是,6:4:left
reel_config,mjwl_rand_ex_8.conf,1,0,200,76,是,3000,9:5:ways1:win3000,是,9:5:left,是,9:5:left
reel_config,mjwl_rand_ex_8.conf,1,0,200,77,是,1000,8:3:ways1:win1000,是,8:3:left,是,8:3:left
reel_config,mjwl_rand_ex_8.conf,1,0,200,78,是,4000,3:3:ways1:win4000,是,3:3:left,是,3:3:left
reel_config,mjwl_rand_ex_8.conf,1,0,200,79,是,3000,6:3:ways2:win3000,是,6:3:left,是,6:3:left
reel_config,mjwl_rand_ex_8.conf,1,0,200,80,是,3000,10:4:ways2:win3000,是,10:4:left,是,10:4:left
reel_config,mjwl_rand_ex_8.conf,1,0,200,81,是,1000,9:3:ways2:win1000,是,9:3:left,是,9:3:left
reel_config,mjwl_rand_ex_8.conf,1,0,200,82,是,500,9:3:ways1:win500,是,9:3:left,是,9:3:left
reel_config,mjwl_rand_ex_8.conf,1,0,200,83,是,3000,7:3:ways2:win3000,是,7:3:left,是,7:3:left
reel_config,mjwl_rand_ex_8.conf,1,0,200,84,是,1000,8:3:ways1:win1000,是,8:3:left,是,8:3:left
reel_config,mjwl_rand_ex_8.conf,1,0,200,85,是,5000,2:3:ways1:win5000,是,2:3:left,是,2:3:left
reel_config,mjwl_rand_ex_8.conf,1,0,200,86,是,5000,5:4:ways1:win5000,是,5:4:left,是,5:4:left
reel_config,mjwl_rand_ex_8.conf,1,0,200,87,是,3000,4:3:ways1:win3000,是,4:3:left,是,4:3:left
reel_config,mjwl_rand_ex_8.conf,1,0,200,88,是,2500,5:3:ways1:win2500,是,5:3:left,是,5:3:left
reel_config,mjwl_rand_ex_8.conf,1,0,200,89,是,4500,8:3:ways4:win4000|10:3:ways1:win500,是,8:3:left|10:3:left,是,8:3:left|10:3:left
reel_config,mjwl_rand_ex_8.conf,1,0,200,90,是,3000,6:3:ways2:win3000,是,6:3:left,是,6:3:left
reel_config,mjwl_rand_ex_8.conf,1,0,200,91,是,1500,7:3:ways1:win1500,是,7:3:left,是,7:3:left
reel_config,mjwl_rand_ex_8.conf,1,0,200,92,是,5000,2:3:ways1:win5000,是,2:3:left,是,2:3:left
reel_config,mjwl_rand_ex_8.conf,1,0,200,93,是,500,9:3:ways1:win500,是,9:3:left,是,9:3:left
reel_config,mjwl_rand_ex_8.conf,1,0,200,94,是,2500,5:3:ways1:win2500,是,5:3:left,是,5:3:left
reel_config,mjwl_rand_ex_8.conf,1,0,200,95,是,2000,9:3:ways4:win2000,是,9:3:left,是,9:3:left
reel_config,mjwl_rand_ex_8.conf,1,0,200,96,是,5000,3:3:ways1:win4000|9:3:ways2:win1000,是,3:3:left|9:3:left,是,3:3:left|9:3:left
reel_config,mjwl_rand_ex_8.conf,1,0,200,97,是,2500,6:4:ways1:win2500,是,6:4:left,是,6:4:left
reel_config,mjwl_rand_ex_8.conf,1,0,200,98,是,4000,3:3:ways1:win4000,是,3:3:left,是,3:3:left
reel_config,mjwl_rand_ex_8.conf,1,0,200,99,是,3000,7:3:ways2:win3000,是,7:3:left,是,7:3:left
reel_config,mjwl_rand_ex_8.conf,1,0,200,100,是,3000,7:3:ways2:win3000,是,7:3:left,是,7:3:left
reel_config,mjwl_rand_ex_8.conf,1,0,200,101,是,1000,10:3:ways2:win1000,是,10:3:left,是,10:3:left
reel_config,mjwl_rand_ex_8.conf,1,0,200,102,是,6000,6:3:ways4:win6000,是,6:3:left,是,6:3:left
reel_config,mjwl_rand_ex_8.conf,1,0,200,103,是,1500,10:4:ways1:win1500,是,10:4:left,是,10:4:left
reel_config,mjwl_rand_ex_8.conf,1,0,200,104,是,6000,4:3:ways2:win6000,是,4:3:left,是,4:3:left
reel_config,mjwl_rand_ex_8.conf,1,0,200,105,是,5000,2:3:ways1:win5000,是,2:3:left,是,2:3:left
reel_config,mjwl_rand_ex_8.conf,1,0,200,106,是,1500,9:4:ways1:win1500,是,9:4:left,是,9:4:left
reel_config,mjwl_rand_ex_8.conf,1,0,200,107,是,3000,4:3:ways1:win3000,是,4:3:left,是,4:3:left
reel_config,mjwl_rand_ex_8.conf,1,0,200,108,是,5000,5:4:ways1:win5000,是,5:4:left,是,5:4:left
reel_config,mjwl_rand_ex_8.conf,1,0,200,109,是,2000,8:3:ways2:win2000,是,8:3:left,是,8:3:left
reel_config,mjwl_rand_ex_8.conf,1,0,200,110,是,7500,5:5:ways1:win7500,是,5:5:left,是,5:5:left
reel_config,mjwl_rand_ex_8.conf,1,0,200,111,是,4000,3:3:ways1:win4000,是,3:3:left,是,3:3:left
reel_config,mjwl_rand_ex_8.conf,1,0,200,112,是,2500,6:4:ways1:win2500,是,6:4:left,是,6:4:left
reel_config,mjwl_rand_ex_8.conf,1,0,200,113,是,3000,10:4:ways2:win3000,是,10:4:left,是,10:4:left
reel_config,mjwl_rand_ex_8.conf,1,0,200,114,是,3000,6:3:ways2:win3000,是,6:3:left,是,6:3:left
reel_config,mjwl_rand_ex_8.conf,1,0,200,115,是,4000,3:3:ways1:win4000,是,3:3:left,是,3:3:left
reel_config,mjwl_rand_ex_8.conf,1,0,200,116,是,6000,4:3:ways2:win6000,是,4:3:left,是,4:3:left
reel_config,mjwl_rand_ex_8.conf,1,0,200,117,是,500,9:3:ways1:win500,是,9:3:left,是,9:3:left
reel_config,mjwl_rand_ex_8.conf,1,0,200,118,是,7500,5:5:ways1:win7500,是,5:5:left,是,5:5:left
reel_config,mjwl_rand_ex_8.conf,1,0,200,119,是,1500,7:3:ways1:win1500,是,7:3:left,是,7:3:left
reel_config,mjwl_rand_ex_8.conf,1,0,200,120,是,2000,8:3:ways2:win2000,是,8:3:left,是,8:3:left
reel_config,mjwl_rand_ex_8.conf,1,0,200,121,是,1500,9:4:ways1:win1500,是,9:4:left,是,9:4:left
reel_config,mjwl_rand_ex_8.conf,1,0,200,122,是,3000,9:4:ways2:win3000,是,9:4:left,是,9:4:left
reel_config,mjwl_rand_ex_8.conf,1,0,200,123,是,6000,3:3:ways1:win4000|9:3:ways4:win2000,是,3:3:left|9:3:left,是,3:3:left|9:3:left
reel_config,mjwl_rand_ex_8.conf,1,0,200,124,是,3000,4:3:ways1:win3000,是,4:3:left,是,4:3:left
reel_config,mjwl_rand_ex_8.conf,1,0,200,125,是,1000,9:3:ways2:win1000,是,9:3:left,是,9:3:left
reel_config,mjwl_rand_ex_8.conf,1,0,200,126,是,1500,9:4:ways1:win1500,是,9:4:left,是,9:4:left
reel_config,mjwl_rand_ex_8.conf,1,0,200,127,是,1500,7:3:ways1:win1500,是,7:3:left,是,7:3:left
reel_config,mjwl_rand_ex_8.conf,1,0,200,128,是,3000,7:3:ways2:win3000,是,7:3:left,是,7:3:left
reel_config,mjwl_rand_ex_8.conf,1,0,200,129,是,1000,10:3:ways2:win1000,是,10:3:left,是,10:3:left
reel_config,mjwl_rand_ex_8.conf,1,0,200,130,是,7500,2:3:ways1:win5000|7:4:ways1:win2500,是,2:3:left|7:4:left,是,2:3:left|7:4:left
reel_config,mjwl_rand_ex_8.conf,1,0,200,131,是,4000,3:3:ways1:win4000,是,3:3:left,是,3:3:left
reel_config,mjwl_rand_ex_8.conf,1,0,200,132,是,3000,9:4:ways2:win3000,是,9:4:left,是,9:4:left
reel_config,mjwl_rand_ex_8.conf,1,0,200,133,是,2500,5:3:ways1:win2500,是,5:3:left,是,5:3:left
reel_config,mjwl_rand_ex_8.conf,1,0,200,134,是,6000,4:3:ways2:win6000,是,4:3:left,是,4:3:left
reel_config,mjwl_rand_ex_8.conf,1,0,200,135,是,1000,10:3:ways2:win1000,是,10:3:left,是,10:3:left
reel_config,mjwl_rand_ex_8.conf,1,0,200,136,是,3000,4:3:ways1:win3000,是,4:3:left,是,4:3:left
reel_config,mjwl_rand_ex_8.conf,1,0,200,137,是,1500,7:3:ways1:win1500,是,7:3:left,是,7:3:left
reel_config,mjwl_rand_ex_8.conf,1,0,200,138,是,1500,7:3:ways1:win1500,是,7:3:left,是,7:3:left
reel_config,mjwl_rand_ex_8.conf,1,0,200,139,是,1000,8:3:ways1:win1000,是,8:3:left,是,8:3:left
reel_config,mjwl_rand_ex_8.conf,1,0,200,140,是,5000,5:3:ways2:win5000,是,5:3:left,是,5:3:left
reel_config,mjwl_rand_ex_8.conf,1,0,200,141,是,2000,8:3:ways2:win2000,是,8:3:left,是,8:3:left
reel_config,mjwl_rand_ex_8.conf,1,0,200,142,是,1500,7:3:ways1:win1500,是,7:3:left,是,7:3:left
reel_config,mjwl_rand_ex_8.conf,1,0,200,143,是,1500,7:3:ways1:win1500,是,7:3:left,是,7:3:left
reel_config,mjwl_rand_ex_8.conf,1,0,200,144,是,1500,7:3:ways1:win1500,是,7:3:left,是,7:3:left
reel_config,mjwl_rand_ex_8.conf,1,0,200,145,是,6000,4:3:ways2:win6000,是,4:3:left,是,4:3:left
reel_config,mjwl_rand_ex_8.conf,1,0,200,146,是,5000,7:4:ways2:win5000,是,7:4:left,是,7:4:left
reel_config,mjwl_rand_ex_8.conf,1,0,200,147,是,1500,10:4:ways1:win1500,是,10:4:left,是,10:4:left
reel_config,mjwl_rand_ex_8.conf,1,0,200,148,是,4000,3:3:ways1:win4000,是,3:3:left,是,3:3:left
reel_config,mjwl_rand_ex_8.conf,1,0,200,149,是,5000,2:3:ways1:win5000,是,2:3:left,是,2:3:left
reel_config,mjwl_rand_ex_8.conf,1,0,200,150,是,4000,3:3:ways1:win4000,是,3:3:left,是,3:3:left
reel_config,mjwl_rand_ex_8.conf,1,0,200,151,是,2500,5:3:ways1:win2500,是,5:3:left,是,5:3:left
reel_config,mjwl_rand_ex_8.conf,1,0,200,152,是,1500,6:3:ways1:win1500,是,6:3:left,是,6:3:left
reel_config,mjwl_rand_ex_8.conf,1,0,200,153,是,3000,9:4:ways2:win3000,是,9:4:left,是,9:4:left
reel_config,mjwl_rand_ex_8.conf,1,0,200,154,是,6000,6:3:ways4:win6000,是,6:3:left,是,6:3:left
reel_config,mjwl_rand_ex_8.conf,1,0,200,155,是,3000,10:5:ways1:win3000,是,10:5:left,是,10:5:left
reel_config,mjwl_rand_ex_8.conf,1,0,200,156,是,2000,9:3:ways4:win2000,是,9:3:left,是,9:3:left
reel_config,mjwl_rand_ex_8.conf,1,0,200,157,是,3000,7:3:ways2:win3000,是,7:3:left,是,7:3:left
reel_config,mjwl_rand_ex_8.conf,1,0,200,158,是,6000,9:5:ways2:win6000,是,9:5:left,是,9:5:left
reel_config,mjwl_rand_ex_8.conf,1,0,200,159,是,1500,6:3:ways1:win1500,是,6:3:left,是,6:3:left
reel_config,mjwl_rand_ex_8.conf,1,0,200,160,是,6000,6:5:ways1:win6000,是,6:5:left,是,6:5:left
reel_config,mjwl_rand_ex_8.conf,1,0,200,161,是,1500,6:3:ways1:win1500,是,6:3:left,是,6:3:left
reel_config,mjwl_rand_ex_8.conf,1,0,200,162,是,3000,6:3:ways2:win3000,是,6:3:left,是,6:3:left
reel_config,mjwl_rand_ex_8.conf,1,0,200,163,是,4000,7:3:ways2:win3000|10:3:ways2:win1000,是,7:3:left|10:3:left,是,7:3:left|10:3:left
reel_config,mjwl_rand_ex_8.conf,1,0,200,164,是,5000,2:3:ways1:win5000,是,2:3:left,是,2:3:left
reel_config,mjwl_rand_ex_8.conf,1,0,200,165,是,1500,7:3:ways1:win1500,是,7:3:left,是,7:3:left
reel_config,mjwl_rand_ex_8.conf,1,0,200,166,是,6000,4:3:ways2:win6000,是,4:3:left,是,4:3:left
reel_config,mjwl_rand_ex_8.conf,1,0,200,167,是,5000,5:4:ways1:win5000,是,5:4:left,是,5:4:left
reel_config,mjwl_rand_ex_8.conf,1,0,200,168,是,2500,5:3:ways1:win2500,是,5:3:left,是,5:3:left
reel_config,mjwl_rand_ex_8.conf,1,0,200,169,是,6000,10:4:ways4:win6000,是,10:4:left,是,10:4:left
reel_config,mjwl_rand_ex_8.conf,1,0,200,170,是,3000,10:4:ways2:win3000,是,10:4:left,是,10:4:left
reel_config,mjwl_rand_ex_8.conf,1,0,200,171,是,1000,10:3:ways2:win1000,是,10:3:left,是,10:3:left
reel_config,mjwl_rand_ex_8.conf,1,0,200,172,是,3000,7:3:ways2:win3000,是,7:3:left,是,7:3:left
reel_config,mjwl_rand_ex_8.conf,1,0,200,173,是,3000,10:4:ways2:win3000,是,10:4:left,是,10:4:left
reel_config,mjwl_rand_ex_8.conf,1,0,200,174,是,1500,7:3:ways1:win1500,是,7:3:left,是,7:3:left
reel_config,mjwl_rand_ex_8.conf,1,0,200,175,是,500,10:3:ways1:win500,是,10:3:left,是,10:3:left
reel_config,mjwl_rand_ex_8.conf,1,0,200,176,是,8000,3:3:ways2:win8000,是,3:3:left,是,3:3:left
reel_config,mjwl_rand_ex_8.conf,1,0,200,177,是,3000,10:5:ways1:win3000,是,10:5:left,是,10:5:left
reel_config,mjwl_rand_ex_8.conf,1,0,200,178,是,4000,3:3:ways1:win4000,是,3:3:left,是,3:3:left
reel_config,mjwl_rand_ex_8.conf,1,0,200,179,是,3000,9:4:ways2:win3000,是,9:4:left,是,9:4:left
reel_config,mjwl_rand_ex_8.conf,1,0,200,180,是,3000,10:4:ways2:win3000,是,10:4:left,是,10:4:left
reel_config,mjwl_rand_ex_8.conf,1,0,200,181,是,1500,7:3:ways1:win1500,是,7:3:left,是,7:3:left
reel_config,mjwl_rand_ex_8.conf,1,0,200,182,是,5000,5:3:ways2:win5000,是,5:3:left,是,5:3:left
reel_config,mjwl_rand_ex_8.conf,1,0,200,183,是,4000,3:3:ways1:win4000,是,3:3:left,是,3:3:left
reel_config,mjwl_rand_ex_8.conf,1,0,200,184,是,1500,7:3:ways1:win1500,是,7:3:left,是,7:3:left
reel_config,mjwl_rand_ex_8.conf,1,0,200,185,是,500,9:3:ways1:win500,是,9:3:left,是,9:3:left
reel_config,mjwl_rand_ex_8.conf,1,0,200,186,是,5000,2:3:ways1:win5000,是,2:3:left,是,2:3:left
reel_config,mjwl_rand_ex_8.conf,1,0,200,187,是,3000,4:3:ways1:win3000,是,4:3:left,是,4:3:left
reel_config,mjwl_rand_ex_8.conf,1,0,200,188,是,5000,5:4:ways1:win5000,是,5:4:left,是,5:4:left
reel_config,mjwl_rand_ex_8.conf,1,0,200,189,是,5000,7:4:ways2:win5000,是,7:4:left,是,7:4:left
reel_config,mjwl_rand_ex_8.conf,1,0,200,190,是,7500,4:4:ways1:win7500,是,4:4:left,是,4:4:left
reel_config,mjwl_rand_ex_8.conf,1,0,200,191,是,3000,7:3:ways2:win3000,是,7:3:left,是,7:3:left
reel_config,mjwl_rand_ex_8.conf,1,0,200,192,是,8000,3:3:ways2:win8000,是,3:3:left,是,3:3:left
reel_config,mjwl_rand_ex_8.conf,1,0,200,193,是,3000,6:3:ways2:win3000,是,6:3:left,是,6:3:left
reel_config,mjwl_rand_ex_8.conf,1,0,200,194,是,3000,10:4:ways2:win3000,是,10:4:left,是,10:4:left
reel_config,mjwl_rand_ex_8.conf,1,0,200,195,是,6500,2:3:ways1:win5000|7:3:ways1:win1500,是,2:3:left|7:3:left,是,2:3:left|7:3:left
reel_config,mjwl_rand_ex_8.conf,1,0,200,196,是,4000,8:4:ways2:win4000,是,8:4:left,是,8:4:left
reel_config,mjwl_rand_ex_8.conf,1,0,200,197,是,3000,7:3:ways2:win3000,是,7:3:left,是,7:3:left
reel_config,mjwl_rand_ex_8.conf,1,0,200,198,是,1500,6:3:ways1:win1500,是,6:3:left,是,6:3:left
reel_config,mjwl_rand_ex_8.conf,1,0,200,199,是,1500,9:4:ways1:win1500,是,9:4:left,是,9:4:left
reel_config,mjwl_rand_ex_8.conf,1,0,200,200,是,1500,6:3:ways1:win1500,是,6:3:left,是,6:3:left
free_reel_config,mjwl_free_rand_ex_0.conf,1,1,10,1,是,20000,2:3:ways4:win20000,是,2:3:left,是,2:3:left
free_reel_config,mjwl_free_rand_ex_0.conf,1,1,10,2,是,10000,2:3:ways2:win10000,是,2:3:left|3:3:left,是,2:3:left
free_reel_config,mjwl_free_rand_ex_0.conf,1,1,10,3,是,72000,8:4:ways36:win72000,是,8:4:left|10:3:left,是,8:4:left
free_reel_config,mjwl_free_rand_ex_0.conf,1,1,10,4,是,400000,2:5:ways16:win400000,是,2:5:left,是,2:5:left
free_reel_config,mjwl_free_rand_ex_0.conf,1,1,10,5,是,4000,8:3:ways4:win4000,是,8:3:left|10:4:left,是,8:3:left
free_reel_config,mjwl_free_rand_ex_0.conf,1,1,10,6,是,4000,8:3:ways4:win4000,是,8:3:left,是,8:3:left
free_reel_config,mjwl_free_rand_ex_0.conf,1,1,10,7,是,8000,8:4:ways4:win8000,是,8:4:left|10:4:left,是,8:4:left
free_reel_config,mjwl_free_rand_ex_0.conf,1,1,10,8,是,40000,2:3:ways8:win40000,是,2:3:left,是,2:3:left
free_reel_config,mjwl_free_rand_ex_0.conf,1,1,10,9,是,3000,6:3:ways2:win3000,是,6:3:left,是,6:3:left
free_reel_config,mjwl_free_rand_ex_0.conf,1,1,10,10,是,24000,8:4:ways12:win24000,是,8:4:left|10:3:left,是,8:4:left
free_reel_config,mjwl_free_rand_ex_0.conf,2,1,10,1,是,20000,2:3:ways4:win20000,是,2:3:left,是,2:3:left
free_reel_config,mjwl_free_rand_ex_0.conf,2,1,10,2,是,10000,2:3:ways2:win10000,是,2:3:left|3:3:left,是,2:3:left
free_reel_config,mjwl_free_rand_ex_0.conf,2,1,10,3,是,72000,8:4:ways36:win72000,是,8:4:left|10:3:left,是,8:4:left
free_reel_config,mjwl_free_rand_ex_0.conf,2,1,10,4,是,400000,2:5:ways16:win400000,是,2:5:left,是,2:5:left
free_reel_config,mjwl_free_rand_ex_0.conf,2,1,10,5,是,4000,8:3:ways4:win4000,是,8:3:left|10:4:left,是,8:3:left
free_reel_config,mjwl_free_rand_ex_0.conf,2,1,10,6,是,4000,8:3:ways4:win4000,是,8:3:left,是,8:3:left
free_reel_config,mjwl_free_rand_ex_0.conf,2,1,10,7,是,8000,8:4:ways4:win8000,是,8:4:left|10:4:left,是,8:4:left
free_reel_config,mjwl_free_rand_ex_0.conf,2,1,10,8,是,40000,2:3:ways8:win40000,是,2:3:left,是,2:3:left
free_reel_config,mjwl_free_rand_ex_0.conf,2,1,10,9,是,3000,6:3:ways2:win3000,是,6:3:left,是,6:3:left
free_reel_config,mjwl_free_rand_ex_0.conf,2,1,10,10,是,24000,8:4:ways12:win24000,是,8:4:left|10:3:left,是,8:4:left
free_reel_config,mjwl_free_rand_ex_0.conf,3,1,10,1,是,20000,2:3:ways4:win20000,是,2:3:left,是,2:3:left
free_reel_config,mjwl_free_rand_ex_0.conf,3,1,10,2,是,10000,2:3:ways2:win10000,是,2:3:left|3:3:left,是,2:3:left
free_reel_config,mjwl_free_rand_ex_0.conf,3,1,10,3,是,72000,8:4:ways36:win72000,是,8:4:left|10:3:left,是,8:4:left
free_reel_config,mjwl_free_rand_ex_0.conf,3,1,10,4,是,400000,2:5:ways16:win400000,是,2:5:left,是,2:5:left
free_reel_config,mjwl_free_rand_ex_0.conf,3,1,10,5,是,4000,8:3:ways4:win4000,是,8:3:left|10:4:left,是,8:3:left
free_reel_config,mjwl_free_rand_ex_0.conf,3,1,10,6,是,4000,8:3:ways4:win4000,是,8:3:left,是,8:3:left
free_reel_config,mjwl_free_rand_ex_0.conf,3,1,10,7,是,8000,8:4:ways4:win8000,是,8:4:left|10:4:left,是,8:4:left
free_reel_config,mjwl_free_rand_ex_0.conf,3,1,10,8,是,40000,2:3:ways8:win40000,是,2:3:left,是,2:3:left
free_reel_config,mjwl_free_rand_ex_0.conf,3,1,10,9,是,3000,6:3:ways2:win3000,是,6:3:left,是,6:3:left
free_reel_config,mjwl_free_rand_ex_0.conf,3,1,10,10,是,24000,8:4:ways12:win24000,是,8:4:left|10:3:left,是,8:4:left
free_reel_config,mjwl_free_rand_ex_0.conf,4,1,10,1,是,20000,2:3:ways4:win20000,是,2:3:left,是,2:3:left
free_reel_config,mjwl_free_rand_ex_0.conf,4,1,10,2,是,10000,2:3:ways2:win10000,是,2:3:left|3:3:left,是,2:3:left
free_reel_config,mjwl_free_rand_ex_0.conf,4,1,10,3,是,72000,8:4:ways36:win72000,是,8:4:left|10:3:left,是,8:4:left
free_reel_config,mjwl_free_rand_ex_0.conf,4,1,10,4,是,400000,2:5:ways16:win400000,是,2:5:left,是,2:5:left
free_reel_config,mjwl_free_rand_ex_0.conf,4,1,10,5,是,4000,8:3:ways4:win4000,是,8:3:left|10:4:left,是,8:3:left
free_reel_config,mjwl_free_rand_ex_0.conf,4,1,10,6,是,4000,8:3:ways4:win4000,是,8:3:left,是,8:3:left
free_reel_config,mjwl_free_rand_ex_0.conf,4,1,10,7,是,8000,8:4:ways4:win8000,是,8:4:left|10:4:left,是,8:4:left
free_reel_config,mjwl_free_rand_ex_0.conf,4,1,10,8,是,40000,2:3:ways8:win40000,是,2:3:left,是,2:3:left
free_reel_config,mjwl_free_rand_ex_0.conf,4,1,10,9,是,3000,6:3:ways2:win3000,是,6:3:left,是,6:3:left
free_reel_config,mjwl_free_rand_ex_0.conf,4,1,10,10,是,24000,8:4:ways12:win24000,是,8:4:left|10:3:left,是,8:4:left
free_reel_config,mjwl_free_rand_ex_13.conf,1,1,10,1,是,20000,2:3:ways4:win20000,是,2:3:left,是,2:3:left
free_reel_config,mjwl_free_rand_ex_13.conf,1,1,10,2,是,10000,2:3:ways2:win10000,是,2:3:left|3:3:left,是,2:3:left
free_reel_config,mjwl_free_rand_ex_13.conf,1,1,10,3,是,72000,8:4:ways36:win72000,是,8:4:left|10:3:left,是,8:4:left
free_reel_config,mjwl_free_rand_ex_13.conf,1,1,10,4,是,400000,2:5:ways16:win400000,是,2:5:left,是,2:5:left
free_reel_config,mjwl_free_rand_ex_13.conf,1,1,10,5,是,4000,8:3:ways4:win4000,是,8:3:left|10:4:left,是,8:3:left
free_reel_config,mjwl_free_rand_ex_13.conf,1,1,10,6,是,4000,8:3:ways4:win4000,是,8:3:left,是,8:3:left
free_reel_config,mjwl_free_rand_ex_13.conf,1,1,10,7,是,8000,8:4:ways4:win8000,是,8:4:left|10:4:left,是,8:4:left
free_reel_config,mjwl_free_rand_ex_13.conf,1,1,10,8,是,40000,2:3:ways8:win40000,是,2:3:left,是,2:3:left
free_reel_config,mjwl_free_rand_ex_13.conf,1,1,10,9,是,3000,6:3:ways2:win3000,是,6:3:left,是,6:3:left
free_reel_config,mjwl_free_rand_ex_13.conf,1,1,10,10,是,24000,8:4:ways12:win24000,是,8:4:left|10:3:left,是,8:4:left
free_reel_config,mjwl_free_rand_ex_13.conf,2,1,10,1,是,20000,2:3:ways4:win20000,是,2:3:left,是,2:3:left
free_reel_config,mjwl_free_rand_ex_13.conf,2,1,10,2,是,10000,2:3:ways2:win10000,是,2:3:left|3:3:left,是,2:3:left
free_reel_config,mjwl_free_rand_ex_13.conf,2,1,10,3,是,72000,8:4:ways36:win72000,是,8:4:left|10:3:left,是,8:4:left
free_reel_config,mjwl_free_rand_ex_13.conf,2,1,10,4,是,400000,2:5:ways16:win400000,是,2:5:left,是,2:5:left
free_reel_config,mjwl_free_rand_ex_13.conf,2,1,10,5,是,4000,8:3:ways4:win4000,是,8:3:left|10:4:left,是,8:3:left
free_reel_config,mjwl_free_rand_ex_13.conf,2,1,10,6,是,4000,8:3:ways4:win4000,是,8:3:left,是,8:3:left
free_reel_config,mjwl_free_rand_ex_13.conf,2,1,10,7,是,8000,8:4:ways4:win8000,是,8:4:left|10:4:left,是,8:4:left
free_reel_config,mjwl_free_rand_ex_13.conf,2,1,10,8,是,40000,2:3:ways8:win40000,是,2:3:left,是,2:3:left
free_reel_config,mjwl_free_rand_ex_13.conf,2,1,10,9,是,3000,6:3:ways2:win3000,是,6:3:left,是,6:3:left
free_reel_config,mjwl_free_rand_ex_13.conf,2,1,10,10,是,24000,8:4:ways12:win24000,是,8:4:left|10:3:left,是,8:4:left
free_reel_config,mjwl_free_rand_ex_13.conf,3,1,10,1,是,20000,2:3:ways4:win20000,是,2:3:left,是,2:3:left
free_reel_config,mjwl_free_rand_ex_13.conf,3,1,10,2,是,10000,2:3:ways2:win10000,是,2:3:left|3:3:left,是,2:3:left
free_reel_config,mjwl_free_rand_ex_13.conf,3,1,10,3,是,72000,8:4:ways36:win72000,是,8:4:left|10:3:left,是,8:4:left
free_reel_config,mjwl_free_rand_ex_13.conf,3,1,10,4,是,400000,2:5:ways16:win400000,是,2:5:left,是,2:5:left
free_reel_config,mjwl_free_rand_ex_13.conf,3,1,10,5,是,4000,8:3:ways4:win4000,是,8:3:left|10:4:left,是,8:3:left
free_reel_config,mjwl_free_rand_ex_13.conf,3,1,10,6,是,4000,8:3:ways4:win4000,是,8:3:left,是,8:3:left
free_reel_config,mjwl_free_rand_ex_13.conf,3,1,10,7,是,8000,8:4:ways4:win8000,是,8:4:left|10:4:left,是,8:4:left
free_reel_config,mjwl_free_rand_ex_13.conf,3,1,10,8,是,40000,2:3:ways8:win40000,是,2:3:left,是,2:3:left
free_reel_config,mjwl_free_rand_ex_13.conf,3,1,10,9,是,3000,6:3:ways2:win3000,是,6:3:left,是,6:3:left
free_reel_config,mjwl_free_rand_ex_13.conf,3,1,10,10,是,24000,8:4:ways12:win24000,是,8:4:left|10:3:left,是,8:4:left
free_reel_config,mjwl_free_rand_ex_13.conf,4,1,10,1,是,20000,2:3:ways4:win20000,是,2:3:left,是,2:3:left
free_reel_config,mjwl_free_rand_ex_13.conf,4,1,10,2,是,10000,2:3:ways2:win10000,是,2:3:left|3:3:left,是,2:3:left
free_reel_config,mjwl_free_rand_ex_13.conf,4,1,10,3,是,72000,8:4:ways36:win72000,是,8:4:left|10:3:left,是,8:4:left
free_reel_config,mjwl_free_rand_ex_13.conf,4,1,10,4,是,400000,2:5:ways16:win400000,是,2:5:left,是,2:5:left
free_reel_config,mjwl_free_rand_ex_13.conf,4,1,10,5,是,4000,8:3:ways4:win4000,是,8:3:left|10:4:left,是,8:3:left
free_reel_config,mjwl_free_rand_ex_13.conf,4,1,10,6,是,4000,8:3:ways4:win4000,是,8:3:left,是,8:3:left
free_reel_config,mjwl_free_rand_ex_13.conf,4,1,10,7,是,8000,8:4:ways4:win8000,是,8:4:left|10:4:left,是,8:4:left
free_reel_config,mjwl_free_rand_ex_13.conf,4,1,10,8,是,40000,2:3:ways8:win40000,是,2:3:left,是,2:3:left
free_reel_config,mjwl_free_rand_ex_13.conf,4,1,10,9,是,3000,6:3:ways2:win3000,是,6:3:left,是,6:3:left
free_reel_config,mjwl_free_rand_ex_13.conf,4,1,10,10,是,24000,8:4:ways12:win24000,是,8:4:left|10:3:left,是,8:4:left
free_reel_config,mjwl_free_rand_ex_14.conf,1,1,10,1,是,20000,2:3:ways4:win20000,是,2:3:left,是,2:3:left
free_reel_config,mjwl_free_rand_ex_14.conf,1,1,10,2,是,10000,2:3:ways2:win10000,是,2:3:left|3:3:left,是,2:3:left
free_reel_config,mjwl_free_rand_ex_14.conf,1,1,10,3,是,72000,8:4:ways36:win72000,是,8:4:left|10:3:left,是,8:4:left
free_reel_config,mjwl_free_rand_ex_14.conf,1,1,10,4,是,400000,2:5:ways16:win400000,是,2:5:left,是,2:5:left
free_reel_config,mjwl_free_rand_ex_14.conf,1,1,10,5,是,4000,8:3:ways4:win4000,是,8:3:left|10:4:left,是,8:3:left
free_reel_config,mjwl_free_rand_ex_14.conf,1,1,10,6,是,4000,8:3:ways4:win4000,是,8:3:left,是,8:3:left
free_reel_config,mjwl_free_rand_ex_14.conf,1,1,10,7,是,8000,8:4:ways4:win8000,是,8:4:left|10:4:left,是,8:4:left
free_reel_config,mjwl_free_rand_ex_14.conf,1,1,10,8,是,40000,2:3:ways8:win40000,是,2:3:left,是,2:3:left
free_reel_config,mjwl_free_rand_ex_14.conf,1,1,10,9,是,3000,6:3:ways2:win3000,是,6:3:left,是,6:3:left
free_reel_config,mjwl_free_rand_ex_14.conf,1,1,10,10,是,24000,8:4:ways12:win24000,是,8:4:left|10:3:left,是,8:4:left
free_reel_config,mjwl_free_rand_ex_14.conf,2,1,10,1,是,20000,2:3:ways4:win20000,是,2:3:left,是,2:3:left
free_reel_config,mjwl_free_rand_ex_14.conf,2,1,10,2,是,10000,2:3:ways2:win10000,是,2:3:left|3:3:left,是,2:3:left
free_reel_config,mjwl_free_rand_ex_14.conf,2,1,10,3,是,72000,8:4:ways36:win72000,是,8:4:left|10:3:left,是,8:4:left
free_reel_config,mjwl_free_rand_ex_14.conf,2,1,10,4,是,400000,2:5:ways16:win400000,是,2:5:left,是,2:5:left
free_reel_config,mjwl_free_rand_ex_14.conf,2,1,10,5,是,4000,8:3:ways4:win4000,是,8:3:left|10:4:left,是,8:3:left
free_reel_config,mjwl_free_rand_ex_14.conf,2,1,10,6,是,4000,8:3:ways4:win4000,是,8:3:left,是,8:3:left
free_reel_config,mjwl_free_rand_ex_14.conf,2,1,10,7,是,8000,8:4:ways4:win8000,是,8:4:left|10:4:left,是,8:4:left
free_reel_config,mjwl_free_rand_ex_14.conf,2,1,10,8,是,40000,2:3:ways8:win40000,是,2:3:left,是,2:3:left
free_reel_config,mjwl_free_rand_ex_14.conf,2,1,10,9,是,3000,6:3:ways2:win3000,是,6:3:left,是,6:3:left
free_reel_config,mjwl_free_rand_ex_14.conf,2,1,10,10,是,24000,8:4:ways12:win24000,是,8:4:left|10:3:left,是,8:4:left
free_reel_config,mjwl_free_rand_ex_14.conf,3,1,10,1,是,20000,2:3:ways4:win20000,是,2:3:left,是,2:3:left
free_reel_config,mjwl_free_rand_ex_14.conf,3,1,10,2,是,10000,2:3:ways2:win10000,是,2:3:left|3:3:left,是,2:3:left
free_reel_config,mjwl_free_rand_ex_14.conf,3,1,10,3,是,72000,8:4:ways36:win72000,是,8:4:left|10:3:left,是,8:4:left
free_reel_config,mjwl_free_rand_ex_14.conf,3,1,10,4,是,400000,2:5:ways16:win400000,是,2:5:left,是,2:5:left
free_reel_config,mjwl_free_rand_ex_14.conf,3,1,10,5,是,4000,8:3:ways4:win4000,是,8:3:left|10:4:left,是,8:3:left
free_reel_config,mjwl_free_rand_ex_14.conf,3,1,10,6,是,4000,8:3:ways4:win4000,是,8:3:left,是,8:3:left
free_reel_config,mjwl_free_rand_ex_14.conf,3,1,10,7,是,8000,8:4:ways4:win8000,是,8:4:left|10:4:left,是,8:4:left
free_reel_config,mjwl_free_rand_ex_14.conf,3,1,10,8,是,40000,2:3:ways8:win40000,是,2:3:left,是,2:3:left
free_reel_config,mjwl_free_rand_ex_14.conf,3,1,10,9,是,3000,6:3:ways2:win3000,是,6:3:left,是,6:3:left
free_reel_config,mjwl_free_rand_ex_14.conf,3,1,10,10,是,24000,8:4:ways12:win24000,是,8:4:left|10:3:left,是,8:4:left
free_reel_config,mjwl_free_rand_ex_14.conf,4,1,10,1,是,20000,2:3:ways4:win20000,是,2:3:left,是,2:3:left
free_reel_config,mjwl_free_rand_ex_14.conf,4,1,10,2,是,10000,2:3:ways2:win10000,是,2:3:left|3:3:left,是,2:3:left
free_reel_config,mjwl_free_rand_ex_14.conf,4,1,10,3,是,72000,8:4:ways36:win72000,是,8:4:left|10:3:left,是,8:4:left
free_reel_config,mjwl_free_rand_ex_14.conf,4,1,10,4,是,400000,2:5:ways16:win400000,是,2:5:left,是,2:5:left
free_reel_config,mjwl_free_rand_ex_14.conf,4,1,10,5,是,4000,8:3:ways4:win4000,是,8:3:left|10:4:left,是,8:3:left
free_reel_config,mjwl_free_rand_ex_14.conf,4,1,10,6,是,4000,8:3:ways4:win4000,是,8:3:left,是,8:3:left
free_reel_config,mjwl_free_rand_ex_14.conf,4,1,10,7,是,8000,8:4:ways4:win8000,是,8:4:left|10:4:left,是,8:4:left
free_reel_config,mjwl_free_rand_ex_14.conf,4,1,10,8,是,40000,2:3:ways8:win40000,是,2:3:left,是,2:3:left
free_reel_config,mjwl_free_rand_ex_14.conf,4,1,10,9,是,3000,6:3:ways2:win3000,是,6:3:left,是,6:3:left
free_reel_config,mjwl_free_rand_ex_14.conf,4,1,10,10,是,24000,8:4:ways12:win24000,是,8:4:left|10:3:left,是,8:4:left
free_reel_config,mjwl_free_rand_ex_17.conf,1,1,10,1,是,20000,2:3:ways4:win20000,是,2:3:left,是,2:3:left
free_reel_config,mjwl_free_rand_ex_17.conf,1,1,10,2,是,10000,2:3:ways2:win10000,是,2:3:left|3:3:left,是,2:3:left
free_reel_config,mjwl_free_rand_ex_17.conf,1,1,10,3,是,72000,8:4:ways36:win72000,是,8:4:left|10:3:left,是,8:4:left
free_reel_config,mjwl_free_rand_ex_17.conf,1,1,10,4,是,400000,2:5:ways16:win400000,是,2:5:left,是,2:5:left
free_reel_config,mjwl_free_rand_ex_17.conf,1,1,10,5,是,4000,8:3:ways4:win4000,是,8:3:left|10:4:left,是,8:3:left
free_reel_config,mjwl_free_rand_ex_17.conf,1,1,10,6,是,4000,8:3:ways4:win4000,是,8:3:left,是,8:3:left
free_reel_config,mjwl_free_rand_ex_17.conf,1,1,10,7,是,8000,8:4:ways4:win8000,是,8:4:left|10:4:left,是,8:4:left
free_reel_config,mjwl_free_rand_ex_17.conf,1,1,10,8,是,40000,2:3:ways8:win40000,是,2:3:left,是,2:3:left
free_reel_config,mjwl_free_rand_ex_17.conf,1,1,10,9,是,3000,6:3:ways2:win3000,是,6:3:left,是,6:3:left
free_reel_config,mjwl_free_rand_ex_17.conf,1,1,10,10,是,24000,8:4:ways12:win24000,是,8:4:left|10:3:left,是,8:4:left
free_reel_config,mjwl_free_rand_ex_17.conf,2,1,10,1,是,20000,2:3:ways4:win20000,是,2:3:left,是,2:3:left
free_reel_config,mjwl_free_rand_ex_17.conf,2,1,10,2,是,10000,2:3:ways2:win10000,是,2:3:left|3:3:left,是,2:3:left
free_reel_config,mjwl_free_rand_ex_17.conf,2,1,10,3,是,72000,8:4:ways36:win72000,是,8:4:left|10:3:left,是,8:4:left
free_reel_config,mjwl_free_rand_ex_17.conf,2,1,10,4,是,400000,2:5:ways16:win400000,是,2:5:left,是,2:5:left
free_reel_config,mjwl_free_rand_ex_17.conf,2,1,10,5,是,4000,8:3:ways4:win4000,是,8:3:left|10:4:left,是,8:3:left
free_reel_config,mjwl_free_rand_ex_17.conf,2,1,10,6,是,4000,8:3:ways4:win4000,是,8:3:left,是,8:3:left
free_reel_config,mjwl_free_rand_ex_17.conf,2,1,10,7,是,8000,8:4:ways4:win8000,是,8:4:left|10:4:left,是,8:4:left
free_reel_config,mjwl_free_rand_ex_17.conf,2,1,10,8,是,40000,2:3:ways8:win40000,是,2:3:left,是,2:3:left
free_reel_config,mjwl_free_rand_ex_17.conf,2,1,10,9,是,3000,6:3:ways2:win3000,是,6:3:left,是,6:3:left
free_reel_config,mjwl_free_rand_ex_17.conf,2,1,10,10,是,24000,8:4:ways12:win24000,是,8:4:left|10:3:left,是,8:4:left
free_reel_config,mjwl_free_rand_ex_17.conf,3,1,10,1,是,20000,2:3:ways4:win20000,是,2:3:left,是,2:3:left
free_reel_config,mjwl_free_rand_ex_17.conf,3,1,10,2,是,10000,2:3:ways2:win10000,是,2:3:left|3:3:left,是,2:3:left
free_reel_config,mjwl_free_rand_ex_17.conf,3,1,10,3,是,72000,8:4:ways36:win72000,是,8:4:left|10:3:left,是,8:4:left
free_reel_config,mjwl_free_rand_ex_17.conf,3,1,10,4,是,400000,2:5:ways16:win400000,是,2:5:left,是,2:5:left
free_reel_config,mjwl_free_rand_ex_17.conf,3,1,10,5,是,4000,8:3:ways4:win4000,是,8:3:left|10:4:left,是,8:3:left
free_reel_config,mjwl_free_rand_ex_17.conf,3,1,10,6,是,4000,8:3:ways4:win4000,是,8:3:left,是,8:3:left
free_reel_config,mjwl_free_rand_ex_17.conf,3,1,10,7,是,8000,8:4:ways4:win8000,是,8:4:left|10:4:left,是,8:4:left
free_reel_config,mjwl_free_rand_ex_17.conf,3,1,10,8,是,40000,2:3:ways8:win40000,是,2:3:left,是,2:3:left
free_reel_config,mjwl_free_rand_ex_17.conf,3,1,10,9,是,3000,6:3:ways2:win3000,是,6:3:left,是,6:3:left
free_reel_config,mjwl_free_rand_ex_17.conf,3,1,10,10,是,24000,8:4:ways12:win24000,是,8:4:left|10:3:left,是,8:4:left
free_reel_config,mjwl_free_rand_ex_17.conf,4,1,10,1,是,20000,2:3:ways4:win20000,是,2:3:left,是,2:3:left
free_reel_config,mjwl_free_rand_ex_17.conf,4,1,10,2,是,10000,2:3:ways2:win10000,是,2:3:left|3:3:left,是,2:3:left
free_reel_config,mjwl_free_rand_ex_17.conf,4,1,10,3,是,72000,8:4:ways36:win72000,是,8:4:left|10:3:left,是,8:4:left
free_reel_config,mjwl_free_rand_ex_17.conf,4,1,10,4,是,400000,2:5:ways16:win400000,是,2:5:left,是,2:5:left
free_reel_config,mjwl_free_rand_ex_17.conf,4,1,10,5,是,4000,8:3:ways4:win4000,是,8:3:left|10:4:left,是,8:3:left
free_reel_config,mjwl_free_rand_ex_17.conf,4,1,10,6,是,4000,8:3:ways4:win4000,是,8:3:left,是,8:3:left
free_reel_config,mjwl_free_rand_ex_17.conf,4,1,10,7,是,8000,8:4:ways4:win8000,是,8:4:left|10:4:left,是,8:4:left
free_reel_config,mjwl_free_rand_ex_17.conf,4,1,10,8,是,40000,2:3:ways8:win40000,是,2:3:left,是,2:3:left
free_reel_config,mjwl_free_rand_ex_17.conf,4,1,10,9,是,3000,6:3:ways2:win3000,是,6:3:left,是,6:3:left
free_reel_config,mjwl_free_rand_ex_17.conf,4,1,10,10,是,24000,8:4:ways12:win24000,是,8:4:left|10:3:left,是,8:4:left
free_reel_config,mjwl_free_rand_ex_4.conf,1,1,10,1,是,20000,2:3:ways4:win20000,是,2:3:left,是,2:3:left
free_reel_config,mjwl_free_rand_ex_4.conf,1,1,10,2,是,10000,2:3:ways2:win10000,是,2:3:left|3:3:left,是,2:3:left
free_reel_config,mjwl_free_rand_ex_4.conf,1,1,10,3,是,72000,8:4:ways36:win72000,是,8:4:left|10:3:left,是,8:4:left
free_reel_config,mjwl_free_rand_ex_4.conf,1,1,10,4,是,400000,2:5:ways16:win400000,是,2:5:left,是,2:5:left
free_reel_config,mjwl_free_rand_ex_4.conf,1,1,10,5,是,4000,8:3:ways4:win4000,是,8:3:left|10:4:left,是,8:3:left
free_reel_config,mjwl_free_rand_ex_4.conf,1,1,10,6,是,4000,8:3:ways4:win4000,是,8:3:left,是,8:3:left
free_reel_config,mjwl_free_rand_ex_4.conf,1,1,10,7,是,8000,8:4:ways4:win8000,是,8:4:left|10:4:left,是,8:4:left
free_reel_config,mjwl_free_rand_ex_4.conf,1,1,10,8,是,40000,2:3:ways8:win40000,是,2:3:left,是,2:3:left
free_reel_config,mjwl_free_rand_ex_4.conf,1,1,10,9,是,3000,6:3:ways2:win3000,是,6:3:left,是,6:3:left
free_reel_config,mjwl_free_rand_ex_4.conf,1,1,10,10,是,24000,8:4:ways12:win24000,是,8:4:left|10:3:left,是,8:4:left
free_reel_config,mjwl_free_rand_ex_4.conf,2,1,10,1,是,20000,2:3:ways4:win20000,是,2:3:left,是,2:3:left
free_reel_config,mjwl_free_rand_ex_4.conf,2,1,10,2,是,10000,2:3:ways2:win10000,是,2:3:left|3:3:left,是,2:3:left
free_reel_config,mjwl_free_rand_ex_4.conf,2,1,10,3,是,72000,8:4:ways36:win72000,是,8:4:left|10:3:left,是,8:4:left
free_reel_config,mjwl_free_rand_ex_4.conf,2,1,10,4,是,400000,2:5:ways16:win400000,是,2:5:left,是,2:5:left
free_reel_config,mjwl_free_rand_ex_4.conf,2,1,10,5,是,4000,8:3:ways4:win4000,是,8:3:left|10:4:left,是,8:3:left
free_reel_config,mjwl_free_rand_ex_4.conf,2,1,10,6,是,4000,8:3:ways4:win4000,是,8:3:left,是,8:3:left
free_reel_config,mjwl_free_rand_ex_4.conf,2,1,10,7,是,8000,8:4:ways4:win8000,是,8:4:left|10:4:left,是,8:4:left
free_reel_config,mjwl_free_rand_ex_4.conf,2,1,10,8,是,40000,2:3:ways8:win40000,是,2:3:left,是,2:3:left
free_reel_config,mjwl_free_rand_ex_4.conf,2,1,10,9,是,3000,6:3:ways2:win3000,是,6:3:left,是,6:3:left
free_reel_config,mjwl_free_rand_ex_4.conf,2,1,10,10,是,24000,8:4:ways12:win24000,是,8:4:left|10:3:left,是,8:4:left
free_reel_config,mjwl_free_rand_ex_4.conf,3,1,10,1,是,20000,2:3:ways4:win20000,是,2:3:left,是,2:3:left
free_reel_config,mjwl_free_rand_ex_4.conf,3,1,10,2,是,10000,2:3:ways2:win10000,是,2:3:left|3:3:left,是,2:3:left
free_reel_config,mjwl_free_rand_ex_4.conf,3,1,10,3,是,72000,8:4:ways36:win72000,是,8:4:left|10:3:left,是,8:4:left
free_reel_config,mjwl_free_rand_ex_4.conf,3,1,10,4,是,400000,2:5:ways16:win400000,是,2:5:left,是,2:5:left
free_reel_config,mjwl_free_rand_ex_4.conf,3,1,10,5,是,4000,8:3:ways4:win4000,是,8:3:left|10:4:left,是,8:3:left
free_reel_config,mjwl_free_rand_ex_4.conf,3,1,10,6,是,4000,8:3:ways4:win4000,是,8:3:left,是,8:3:left
free_reel_config,mjwl_free_rand_ex_4.conf,3,1,10,7,是,8000,8:4:ways4:win8000,是,8:4:left|10:4:left,是,8:4:left
free_reel_config,mjwl_free_rand_ex_4.conf,3,1,10,8,是,40000,2:3:ways8:win40000,是,2:3:left,是,2:3:left
free_reel_config,mjwl_free_rand_ex_4.conf,3,1,10,9,是,3000,6:3:ways2:win3000,是,6:3:left,是,6:3:left
free_reel_config,mjwl_free_rand_ex_4.conf,3,1,10,10,是,24000,8:4:ways12:win24000,是,8:4:left|10:3:left,是,8:4:left
free_reel_config,mjwl_free_rand_ex_4.conf,4,1,10,1,是,20000,2:3:ways4:win20000,是,2:3:left,是,2:3:left
free_reel_config,mjwl_free_rand_ex_4.conf,4,1,10,2,是,10000,2:3:ways2:win10000,是,2:3:left|3:3:left,是,2:3:left
free_reel_config,mjwl_free_rand_ex_4.conf,4,1,10,3,是,72000,8:4:ways36:win72000,是,8:4:left|10:3:left,是,8:4:left
free_reel_config,mjwl_free_rand_ex_4.conf,4,1,10,4,是,400000,2:5:ways16:win400000,是,2:5:left,是,2:5:left
free_reel_config,mjwl_free_rand_ex_4.conf,4,1,10,5,是,4000,8:3:ways4:win4000,是,8:3:left|10:4:left,是,8:3:left
free_reel_config,mjwl_free_rand_ex_4.conf,4,1,10,6,是,4000,8:3:ways4:win4000,是,8:3:left,是,8:3:left
free_reel_config,mjwl_free_rand_ex_4.conf,4,1,10,7,是,8000,8:4:ways4:win8000,是,8:4:left|10:4:left,是,8:4:left
free_reel_config,mjwl_free_rand_ex_4.conf,4,1,10,8,是,40000,2:3:ways8:win40000,是,2:3:left,是,2:3:left
free_reel_config,mjwl_free_rand_ex_4.conf,4,1,10,9,是,3000,6:3:ways2:win3000,是,6:3:left,是,6:3:left
free_reel_config,mjwl_free_rand_ex_4.conf,4,1,10,10,是,24000,8:4:ways12:win24000,是,8:4:left|10:3:left,是,8:4:left
free_reel_config,mjwl_free_rand_ex_8.conf,1,1,10,1,是,20000,2:3:ways4:win20000,是,2:3:left,是,2:3:left
free_reel_config,mjwl_free_rand_ex_8.conf,1,1,10,2,是,10000,2:3:ways2:win10000,是,2:3:left|3:3:left,是,2:3:left
free_reel_config,mjwl_free_rand_ex_8.conf,1,1,10,3,是,72000,8:4:ways36:win72000,是,8:4:left|10:3:left,是,8:4:left
free_reel_config,mjwl_free_rand_ex_8.conf,1,1,10,4,是,400000,2:5:ways16:win400000,是,2:5:left,是,2:5:left
free_reel_config,mjwl_free_rand_ex_8.conf,1,1,10,5,是,4000,8:3:ways4:win4000,是,8:3:left|10:4:left,是,8:3:left
free_reel_config,mjwl_free_rand_ex_8.conf,1,1,10,6,是,4000,8:3:ways4:win4000,是,8:3:left,是,8:3:left
free_reel_config,mjwl_free_rand_ex_8.conf,1,1,10,7,是,8000,8:4:ways4:win8000,是,8:4:left|10:4:left,是,8:4:left
free_reel_config,mjwl_free_rand_ex_8.conf,1,1,10,8,是,40000,2:3:ways8:win40000,是,2:3:left,是,2:3:left
free_reel_config,mjwl_free_rand_ex_8.conf,1,1,10,9,是,3000,6:3:ways2:win3000,是,6:3:left,是,6:3:left
free_reel_config,mjwl_free_rand_ex_8.conf,1,1,10,10,是,24000,8:4:ways12:win24000,是,8:4:left|10:3:left,是,8:4:left
free_reel_config,mjwl_free_rand_ex_8.conf,2,1,10,1,是,20000,2:3:ways4:win20000,是,2:3:left,是,2:3:left
free_reel_config,mjwl_free_rand_ex_8.conf,2,1,10,2,是,10000,2:3:ways2:win10000,是,2:3:left|3:3:left,是,2:3:left
free_reel_config,mjwl_free_rand_ex_8.conf,2,1,10,3,是,72000,8:4:ways36:win72000,是,8:4:left|10:3:left,是,8:4:left
free_reel_config,mjwl_free_rand_ex_8.conf,2,1,10,4,是,400000,2:5:ways16:win400000,是,2:5:left,是,2:5:left
free_reel_config,mjwl_free_rand_ex_8.conf,2,1,10,5,是,4000,8:3:ways4:win4000,是,8:3:left|10:4:left,是,8:3:left
free_reel_config,mjwl_free_rand_ex_8.conf,2,1,10,6,是,4000,8:3:ways4:win4000,是,8:3:left,是,8:3:left
free_reel_config,mjwl_free_rand_ex_8.conf,2,1,10,7,是,8000,8:4:ways4:win8000,是,8:4:left|10:4:left,是,8:4:left
free_reel_config,mjwl_free_rand_ex_8.conf,2,1,10,8,是,40000,2:3:ways8:win40000,是,2:3:left,是,2:3:left
free_reel_config,mjwl_free_rand_ex_8.conf,2,1,10,9,是,3000,6:3:ways2:win3000,是,6:3:left,是,6:3:left
free_reel_config,mjwl_free_rand_ex_8.conf,2,1,10,10,是,24000,8:4:ways12:win24000,是,8:4:left|10:3:left,是,8:4:left
free_reel_config,mjwl_free_rand_ex_8.conf,3,1,10,1,是,20000,2:3:ways4:win20000,是,2:3:left,是,2:3:left
free_reel_config,mjwl_free_rand_ex_8.conf,3,1,10,2,是,10000,2:3:ways2:win10000,是,2:3:left|3:3:left,是,2:3:left
free_reel_config,mjwl_free_rand_ex_8.conf,3,1,10,3,是,72000,8:4:ways36:win72000,是,8:4:left|10:3:left,是,8:4:left
free_reel_config,mjwl_free_rand_ex_8.conf,3,1,10,4,是,400000,2:5:ways16:win400000,是,2:5:left,是,2:5:left
free_reel_config,mjwl_free_rand_ex_8.conf,3,1,10,5,是,4000,8:3:ways4:win4000,是,8:3:left|10:4:left,是,8:3:left
free_reel_config,mjwl_free_rand_ex_8.conf,3,1,10,6,是,4000,8:3:ways4:win4000,是,8:3:left,是,8:3:left
free_reel_config,mjwl_free_rand_ex_8.conf,3,1,10,7,是,8000,8:4:ways4:win8000,是,8:4:left|10:4:left,是,8:4:left
free_reel_config,mjwl_free_rand_ex_8.conf,3,1,10,8,是,40000,2:3:ways8:win40000,是,2:3:left,是,2:3:left
free_reel_config,mjwl_free_rand_ex_8.conf,3,1,10,9,是,3000,6:3:ways2:win3000,是,6:3:left,是,6:3:left
free_reel_config,mjwl_free_rand_ex_8.conf,3,1,10,10,是,24000,8:4:ways12:win24000,是,8:4:left|10:3:left,是,8:4:left
free_reel_config,mjwl_free_rand_ex_8.conf,4,1,10,1,是,20000,2:3:ways4:win20000,是,2:3:left,是,2:3:left
free_reel_config,mjwl_free_rand_ex_8.conf,4,1,10,2,是,10000,2:3:ways2:win10000,是,2:3:left|3:3:left,是,2:3:left
free_reel_config,mjwl_free_rand_ex_8.conf,4,1,10,3,是,72000,8:4:ways36:win72000,是,8:4:left|10:3:left,是,8:4:left
free_reel_config,mjwl_free_rand_ex_8.conf,4,1,10,4,是,400000,2:5:ways16:win400000,是,2:5:left,是,2:5:left
free_reel_config,mjwl_free_rand_ex_8.conf,4,1,10,5,是,4000,8:3:ways4:win4000,是,8:3:left|10:4:left,是,8:3:left
free_reel_config,mjwl_free_rand_ex_8.conf,4,1,10,6,是,4000,8:3:ways4:win4000,是,8:3:left,是,8:3:left
free_reel_config,mjwl_free_rand_ex_8.conf,4,1,10,7,是,8000,8:4:ways4:win8000,是,8:4:left|10:4:left,是,8:4:left
free_reel_config,mjwl_free_rand_ex_8.conf,4,1,10,8,是,40000,2:3:ways8:win40000,是,2:3:left,是,2:3:left
free_reel_config,mjwl_free_rand_ex_8.conf,4,1,10,9,是,3000,6:3:ways2:win3000,是,6:3:left,是,6:3:left
free_reel_config,mjwl_free_rand_ex_8.conf,4,1,10,10,是,24000,8:4:ways12:win24000,是,8:4:left|10:3:left,是,8:4:left
